"Type","FileName","PackagePath"
"article","ecological-organisation-and-organised-persistence-ci.md","objects\articles\ecological-organisation-and-organised-persistence-ci.md"
"article","ecology-as-organised-persistence-across-scale.md","objects\articles\ecology-as-organised-persistence-across-scale.md"
"article","environment-coupling-and-agency-why-organisms-and-surroundings-co-produce-each-other-ci.md","objects\articles\environment-coupling-and-agency-why-organisms-and-surroundings-co-produce-each-other-ci.md"
"article","organism-environment-coupling-and-organised-persistence.md","objects\articles\organism-environment-coupling-and-organised-persistence.md"
"article","resilience-ecology-and-continuity.md","objects\articles\resilience-ecology-and-continuity.md"
"article","the-ecological-organisation-of-life-ci.md","objects\articles\the-ecological-organisation-of-life-ci.md"
"article","why-organisms-cannot-be-understood-apart-from-their-environments.md","objects\articles\why-organisms-cannot-be-understood-apart-from-their-environments.md"
"box","aps-box-stability-is-not-resilience.md","objects\boxes\aps-box-stability-is-not-resilience.md"
"box","ecological-resilience-and-persistence-ci.md","objects\boxes\ecological-resilience-and-persistence-ci.md"
"box","organism-environment-coupling.md","objects\boxes\organism-environment-coupling.md"
"box","the-niche-as-organised-opportunity.md","objects\boxes\the-niche-as-organised-opportunity.md"
"glossary","ecological-organisation.md","objects\glossary\ecological-organisation.md"
"glossary","ecological-resilience.md","objects\glossary\ecological-resilience.md"
"glossary","ecology.md","objects\glossary\ecology.md"
"glossary","ecosystem.md","objects\glossary\ecosystem.md"
"glossary","environment.md","objects\glossary\environment.md"
"glossary","niche.md","objects\glossary\niche.md"
"glossary","organism-environment-coupling.md","objects\glossary\organism-environment-coupling.md"
